epsilon_tag,frame_rows,active_token_count_mean,active_token_count_median,sampled_pairs_mean,sampled_pairs_median,attention_pair_corr_mean_mean,attention_pair_corr_mean_median,attention_pair_top_iou_mean_mean,attention_pair_top_iou_mean_median,attention_pair_center_distance_mean_mean,attention_pair_center_distance_mean_median,attention_pair_distinctness_mean_mean,attention_pair_distinctness_mean_median
eps_003,480,251.25416666666666,256.0,4997.052083333333,5000.0,0.4603898180057866,0.4555423120887725,0.29002747445919985,0.2803548701668137,1.476899822643938,1.4653137022571374,0.5396101819942134,0.5444576879112275
eps_005,480,198.8875,224.0,4830.077083333334,5000.0,0.20517465383188915,0.19996884807079265,0.10549831391680235,0.0984651296304353,2.0327599959285716,2.0018877869582794,0.794825346168111,0.8000311519292074
eps_007,480,115.57291666666667,96.0,3725.60625,4560.0,0.13576419265623008,0.13465693151622998,0.07366170124592358,0.06945528203540821,2.414025888434502,2.243058272941263,0.8642358073437699,0.86534306848377
